{"sum": 6762754.0, "avr": 269.51833253626654, "sumMD": 26827.0, "avrMD": 263.0098039215686, "sumSD": 27636.0, "avrSD": 270.94117647058823, "max": 500.0, "min": 38.0}